Kohan,Ignacio,President,(731) 446-3832,Ohio
Wass,Elda,IT Developer,(831) 577-9391,Sunnyvale
Osteen,Everett,Senior Product Manager,(388) 034-5355,Sunnyvale
Wickstrom,Vera,Director Sales,(793) 323-1005,Santa Fe
Summers,Beverley,VP Operations,(261) 480-5133,San Francisco
Brenneman,Ray,Director Operations,(885) 192-9899,Alabama
Barros,Myrna,Director Operations,(801) 970-4748,Salt Lake City
Matthes,Jaclyn,Senior Product Manager,(428) 961-4963,San Francisco
Dengler,Lewis,VP Sales,(417) 099-1925,San Mateo
Showalter,Lindsey,Mgr Operations,(794) 835-9543,San Mateo
Grand,Damian,President,(465) 877-0864,Denver
Spink,Richard,VP Sales,(733) 102-8755,Alabama
Mccormick,Micah,VP Sales,(852) 133-3349,Alabama
Dion,Patricia,IT Developer,(389) 359-7434,St. Petersburg
Betty,Rex,Director Operations,(376) 436-2394,Kansas City
Milardo,Deidra,Director Sales,(682) 905-8544,St. Petersburg
Pisani,Allen,Director Sales,(937) 734-0817,Ohio
Maggio,Samuel,Director Sales,(129) 255-6867,Sunnyvale
Glatt,Ursula,Director Sales,(010) 858-0712,Denver
Wilkins,Frankie,President,(537) 446-8744,Los Angeles
Freitag,Annette,Senior Product Manager,(097) 475-5767,Alabama
Boothe,Charles,VP Operations,(100) 821-9312,Sunnyvale
Bleau,Natalie,President,(643) 195-0095,Cupertino
Schneider,Julia,President,(634) 073-8618,Ohio
Wehrle,Candy,Director Operations,(902) 553-1952,San Francisco
Hinojosa,Aisha,VP Sales,(983) 390-0570,Los Angeles
Midgett,Meghan,Mgr Operations,(170) 774-5595,Los Angeles
Coots,Benny,Director Sales,(061) 647-1696,Los Angeles
Quintana,Bryant,Senior Product Manager,(044) 236-7382,San Mateo
Drummond,Arnoldo,VP Sales,(757) 608-2572,Santa Fe
Samayoa,Jewel,Director Operations,(358) 126-3122,San Francisco
Kincer,Bobbi,Director Sales,(303) 554-5986,Santa Monica
Mowrey,Alyce,IT Developer,(469) 671-7239,Los Angeles
Sellars,Colton,Director Sales,(479) 318-8689,Denver
Lebel,Alba,Mgr Operations,(804) 629-8299,Cupertino
Drakes,Duane,President,(608) 071-3447,Sunnyvale
Wehner,Lenny,VP Sales,(889) 516-8738,San Mateo
Yi,Patsy,Mgr Operations,(517) 882-3157,Alabama
Shore,Wiley,VP Operations,(918) 830-5716,San Mateo
Groh,Tisha,Mgr Operations,(860) 465-4086,Los Angeles
Barraza,Geri,IT Developer,(508) 508-8336,Persistance
Littrell,Courtney,IT Developer,(358) 417-3769,Ohio
Tokarz,Aida,Director Sales,(137) 072-1654,San Mateo
Badilla,Muriel,President,(814) 978-1268,Alabama
Fabrizio,Sharlene,President,(976) 461-0308,Ohio
Breeze,Tracey,VP Sales,(855) 619-6414,San Francisco
Betty,Judson,Director Sales,(403) 142-4076,Sunnyvale
Mazzeo,Theodore,IT Developer,(095) 922-3633,Persistance
Leonardo,Alfonso,VP Operations,(076) 096-3860,San Jose
Kinzer,Alice,VP Sales,(464) 210-3532,Cupertino
Hawthorn,Jack,IT Developer,(903) 427-3597,San Mateo
Galbreath,Brett,President,(201) 886-7954,San Jose
Beam,Tracie,IT Developer,(285) 785-8120,Ohio
Motta,Rhonda,President,(829) 855-2141,Santa Monica
Lapoint,Antonio,Director Sales,(073) 227-9458,San Jose
Bowler,Carson,Director Operations,(563) 784-7904,Salt Lake City
Boutwell,Morgan,IT Developer,(027) 648-2419,Santa Fe
Grays,Henrietta,Director Operations,(067) 126-5283,Santa Monica
Summer,Geri,IT Developer,(868) 727-8536,Cupertino
Cowans,Suzette,VP Sales,(325) 952-1382,Persistance
Solis,Emory,VP Operations,(804) 343-1511,Ohio
Keffer,Tracey,President,(103) 686-3996,Santa Fe
Hargis,Patricia,Senior Product Manager,(618) 172-9470,Los Angeles
Southwick,Nigel,Director Sales,(024) 544-1680,San Francisco
Mckain,Arron,President,(298) 756-7378,San Mateo
Ditch,Elisa,Senior Product Manager,(432) 071-3905,Persistance
Biggers,Darron,Mgr Operations,(974) 909-8235,San Jose
Musso,Rayford,Senior Product Manager,(870) 652-9204,San Francisco
Doolittle,Della,Director Operations,(623) 096-9316,Alabama
Billings,Randell,VP Sales,(654) 817-7416,Sunnyvale
Lamay,Myron,VP Operations,(989) 878-6768,Denver
Franko,Sam,President,(360) 653-6671,Los Angeles
Fischer,Alton,VP Operations,(676) 395-8216,Cupertino
Eslinger,William,IT Developer,(340) 890-0141,Los Angeles
Huss,Fritz,Director Sales,(121) 410-7631,San Jose
Kahle,Abby,Senior Product Manager,(920) 323-1835,St. Petersburg
Robinette,Humberto,Director Operations,(141) 995-1329,Santa Fe
Higuchi,Vern,Mgr Operations,(593) 050-1650,Los Angeles
Wellington,Eliza,President,(330) 255-5138,Ohio
Vital,Courtney,Mgr Operations,(526) 952-6101,Santa Fe
Walt,Georgina,Mgr Operations,(617) 516-5882,Salt Lake City
Creech,Donte,IT Developer,(781) 775-0653,Alabama
Dodson,Todd,VP Operations,(247) 235-8471,San Mateo
Rucks,Marco,VP Sales,(190) 458-6272,Persistance
Biddle,Miranda,Director Sales,(419) 759-7843,St. Petersburg
Trudell,Virgil,Director Sales,(467) 624-1819,San Jose
Rothwell,Terrell,Senior Product Manager,(718) 677-0935,Santa Monica
Hammon,Wes,Mgr Operations,(792) 610-2066,Ohio
Boese,Shelton,IT Developer,(240) 028-7465,Alabama
Levesque,Jerrell,Director Operations,(435) 111-2719,Los Angeles
Agustin,Maria,Mgr Operations,(835) 448-0753,Salt Lake City
Seiter,Peter,Director Sales,(199) 785-1991,San Francisco
Wen,Yvette,President,(476) 832-1515,San Jose
Goulette,Sheryl,IT Developer,(281) 287-8447,Cupertino
Curiel,Adeline,Director Sales,(547) 891-9813,Santa Monica
Jumper,Philip,President,(578) 671-3630,Persistance
Walmsley,Amie,President,(266) 329-8975,Persistance
Hollen,Rex,IT Developer,(677) 383-5177,San Francisco
Seymour,Mai,IT Developer,(906) 722-5379,St. Petersburg
Mcclendon,Luz,IT Developer,(856) 422-0904,Persistance
Orris,Adrian,Director Sales,(125) 146-7347,San Mateo
Hamrick,Jenny,Senior Product Manager,(368) 298-7122,Santa Fe
Strock,Esteban,Director Operations,(182) 741-0727,Sunnyvale
Grace,Noreen,Director Sales,(683) 519-4512,St. Petersburg
Earle,Lesley,Director Sales,(974) 812-8288,St. Petersburg
Wommack,Garfield,VP Sales,(799) 872-5317,Cupertino
Shin,Hattie,Director Operations,(743) 215-8124,San Jose
Sanchez,Barbara,Senior Product Manager,(561) 413-4871,Salt Lake City
Krom,Otto,President,(036) 784-9435,Sunnyvale
Mahar,Amado,Director Operations,(711) 829-3718,Ohio
Rainey,Miles,Mgr Operations,(771) 887-8862,San Mateo
Pizano,Brigitte,IT Developer,(753) 721-0775,San Francisco
Swindler,Serena,Mgr Operations,(010) 196-7668,Cupertino
Dwyer,Myron,VP Operations,(950) 130-8222,San Francisco
Shiner,Reuben,Director Operations,(969) 898-4464,Kansas City
Paden,Wilton,VP Operations,(855) 981-4152,Alabama
Stowell,Dorothea,President,(721) 575-3999,Santa Monica
Fulks,Rhonda,Director Sales,(578) 010-1797,Cupertino
Bullington,Emmett,Mgr Operations,(542) 101-8556,Denver
Flax,Lessie,Director Sales,(130) 967-8128,Sunnyvale
Levitt,Wiley,President,(704) 789-8239,Alabama
Mach,Brad,VP Sales,(836) 730-4047,Santa Fe
Mcabee,Chrystal,VP Operations,(558) 094-5275,Santa Fe
Duren,Son,Senior Product Manager,(334) 545-3235,San Francisco
Kravitz,Paula,Senior Product Manager,(944) 028-8799,Santa Monica
Yale,Lou,Senior Product Manager,(257) 136-3174,Santa Monica
Ickes,Carla,VP Sales,(027) 278-0880,San Jose
Simmons,Charmaine,Senior Product Manager,(771) 711-2921,Los Angeles
Corrado,Ethan,Director Sales,(530) 115-1531,Persistance
Rouillard,Israel,Senior Product Manager,(647) 953-0692,Denver
Keels,Frankie,Director Operations,(896) 066-7995,Salt Lake City
Duty,Kris,VP Operations,(226) 823-8072,Persistance
Click,Eusebio,Director Sales,(683) 822-6738,Salt Lake City
Aguila,Mary,VP Sales,(293) 131-0674,Santa Monica
Gustin,Arnulfo,VP Sales,(804) 175-3763,Denver
Schwartz,Jake,Senior Product Manager,(809) 385-6197,San Jose
Dwight,Marcel,VP Operations,(282) 341-8688,Los Angeles
Rotter,Willard,VP Sales,(493) 652-1014,Denver
Wimer,Octavio,VP Sales,(887) 942-5798,Santa Monica
Harkness,Addie,IT Developer,(358) 988-9948,Persistance
Bayliss,Rosalia,IT Developer,(670) 415-5340,San Mateo
Schwager,Drew,Director Operations,(878) 015-9278,Persistance
Marriott,Eva,VP Sales,(741) 207-1699,San Mateo
Mancuso,Noel,President,(906) 514-7375,Denver
Xavier,Bettie,President,(895) 782-1780,San Francisco
Pablo,Dustin,Director Sales,(808) 275-4196,Denver
Mcqueary,Loraine,IT Developer,(817) 539-6133,San Jose
Marmol,Ethel,Senior Product Manager,(145) 672-7523,Los Angeles
Sane,Sherwood,VP Operations,(892) 386-7188,Salt Lake City
Bradburn,Amy,IT Developer,(744) 518-3604,Santa Monica
Blose,Anderson,VP Operations,(238) 865-9668,Santa Monica
Karpinski,Naomi,Senior Product Manager,(309) 111-0282,San Francisco
Chagnon,Katie,Director Sales,(917) 861-2651,Salt Lake City
Ashcroft,Myles,VP Sales,(646) 767-5025,Sunnyvale
Lindgren,Susanna,IT Developer,(790) 516-4148,Denver
Salem,Deidra,President,(853) 685-7267,Kansas City
Bullins,Ola,VP Operations,(341) 918-8645,Santa Fe
Hendricks,Laverne,Director Sales,(637) 000-3243,Sunnyvale
Raker,Violet,President,(588) 239-4106,Ohio
Phillip,Isreal,Director Operations,(597) 416-4033,Ohio
Popovich,Brad,Senior Product Manager,(732) 951-3690,Santa Fe
Grandison,Shannon,Director Operations,(243) 340-9194,St. Petersburg
Whitlock,Michael,Senior Product Manager,(604) 442-6612,Persistance
Beckles,Brandon,VP Sales,(101) 196-1649,Salt Lake City
Urias,Kelly,Director Operations,(571) 669-1236,San Mateo
Burkhead,Kathie,Senior Product Manager,(345) 868-4850,San Francisco
Dahmen,Rita,President,(726) 203-5337,Kansas City
Bowden,Gayla,VP Operations,(183) 048-6833,Ohio
Fisher,Dick,Senior Product Manager,(558) 681-5475,St. Petersburg
Jinks,Trenton,Director Operations,(726) 604-1455,Persistance
Paulin,Cory,VP Sales,(778) 994-6278,Kansas City
Ranck,Colton,IT Developer,(161) 305-9460,San Jose
Dansereau,Dewey,Director Sales,(467) 887-7635,San Mateo
Willaims,Carey,Director Sales,(056) 758-0767,Santa Monica
Arends,Callie,IT Developer,(023) 776-9983,Santa Fe
Collinsworth,Marlon,IT Developer,(373) 004-7458,St. Petersburg
Rickards,Shad,IT Developer,(788) 389-6634,San Francisco
Brashears,Elinor,VP Sales,(647) 384-1760,Sunnyvale
Matsumura,Noelle,Mgr Operations,(497) 655-2063,Santa Monica
Greenhill,Herschel,Director Operations,(750) 899-1535,Cupertino
Beem,Melody,Mgr Operations,(461) 926-5817,Los Angeles
Delatorre,Shari,Senior Product Manager,(863) 341-6285,San Francisco
Sleeper,Boyce,VP Operations,(292) 397-1181,Alabama
Denker,Casey,VP Sales,(859) 824-7580,St. Petersburg
Pink,Karyn,President,(270) 069-0653,San Mateo
Huth,Inez,VP Operations,(285) 110-1819,St. Petersburg
Shealy,Hilary,IT Developer,(014) 100-7684,Persistance
Greening,Wyatt,Mgr Operations,(119) 394-8362,Alabama
Hornbuckle,Justine,VP Sales,(820) 905-4532,San Jose
Reina,Elijah,IT Developer,(464) 957-9548,San Jose
Orduna,Elden,IT Developer,(416) 091-7691,San Francisco
List,Malcom,President,(898) 920-8435,Persistance
Pacheco,Lynwood,President,(424) 690-8979,Ohio
Galusha,Debora,IT Developer,(404) 421-8420,Cupertino
Greathouse,Porter,VP Sales,(984) 929-0194,Los Angeles
Guajardo,Arlene,Director Sales,(797) 906-7180,Salt Lake City
Lapointe,Tyrell,Mgr Operations,(753) 976-8812,Los Angeles
Daum,Tommy,President,(657) 942-7000,Los Angeles
Jaworski,Lavonne,VP Operations,(983) 013-9884,Salt Lake City
Dingler,Nikki,Director Sales,(239) 460-1303,St. Petersburg